,species_tax_id,BioSample,LibraryLayout,species,ProjectID,class_tax_id,ReleaseDate,LibrarySource,ScientificName,InsertSize,LibrarySelection,Submission,Body_Site,strain_tax_id,SRAStudy,Platform,TaxID,BioProject,InsertDev,Run,LibraryStrategy,Sample,CenterName,Model,SRA ID,GEO Series,GEO Sample,PMID,Biosample ID,biosample_strain,biosample_genotype,reference_sequence,project,condition,rep,reference_condition,strain_description,base_media,carbon_source,nitrogen_source,aerobicity,supplement,temperature,pH,growth_phase,OD,additional_notes,passed_fastqc,passed_pct_reads_mapped,passed_reads_mapped_to_CDS,passed_global_correlation,full_name,passed_similar_replicates,passed_number_replicates
SRX3467357,2285,SAMN08167664,PAIRED,Sulfolobus acidocaldarius,422245,183924,2017-12-15 12:59:19,TRANSCRIPTOMIC,Sulfolobus acidocaldarius DSM 639,0,cDNA,SRA638170,,330779,SRP126646,ILLUMINA,330779,PRJNA422245,0,SRR6372035,RNA-Seq,SRS2755074,GEO,Illumina HiSeq 2500,4828647,GSE108018,GSM2886876,30948713,8167664,MW001,wild type,,FadR,wt_p,1,wt_p,Uracil auxotrophic strain for genetic experiments (1),Brock,sucrose(?),(NH4)2SO4(1.3),,"0.2% sucrose, 0.2% NZamine, 10µg/mL uracil",75,3.5,,,,True,True,True,True,FadR:wt_p,True,True
SRX3467358,2285,SAMN08167663,PAIRED,Sulfolobus acidocaldarius,422245,183924,2017-12-15 12:59:19,TRANSCRIPTOMIC,Sulfolobus acidocaldarius DSM 639,0,cDNA,SRA638170,,330779,SRP126646,ILLUMINA,330779,PRJNA422245,0,SRR6372036,RNA-Seq,SRS2755075,GEO,Illumina HiSeq 2500,4828648,GSE108018,GSM2886877,30948713,8167663,MW001,wild type,,FadR,wt_p,2,wt_p,Uracil auxotrophic strain for genetic experiments (2),Brock,sucrose(?),(NH4)2SO4(1.3),,"0.2% sucrose, 0.2% NZamine, 10µg/mL uracil",75,3.5,,,,True,True,True,True,FadR:wt_p,True,True
SRX3467359,2285,SAMN08167662,PAIRED,Sulfolobus acidocaldarius,422245,183924,2017-12-15 12:59:19,TRANSCRIPTOMIC,Sulfolobus acidocaldarius DSM 639,0,cDNA,SRA638170,,330779,SRP126646,ILLUMINA,330779,PRJNA422245,0,SRR6372037,RNA-Seq,SRS2755076,GEO,Illumina HiSeq 2500,4828649,GSE108018,GSM2886878,30948713,8167662,MW001,saci_1107 knock out,,FadR,ko_p,1,wt_p,Uracil auxotrophic strain for genetic experiments (1),Brock,sucrose(?),(NH4)2SO4(1.3),,"0.2% sucrose, 0.2% NZamine, 10µg/mL uracil",75,3.5,,,,True,True,True,True,FadR:ko_p,True,True
SRX3467360,2285,SAMN08167661,PAIRED,Sulfolobus acidocaldarius,422245,183924,2017-12-15 12:59:19,TRANSCRIPTOMIC,Sulfolobus acidocaldarius DSM 639,0,cDNA,SRA638170,,330779,SRP126646,ILLUMINA,330779,PRJNA422245,0,SRR6372038,RNA-Seq,SRS2755077,GEO,Illumina HiSeq 2500,4828650,GSE108018,GSM2886879,30948713,8167661,MW001,saci_1107 knock out,,FadR,ko_p,2,wt_p,Uracil auxotrophic strain for genetic experiments (2),Brock,sucrose(?),(NH4)2SO4(1.3),,"0.2% sucrose, 0.2% NZamine, 10µg/mL uracil",75,3.5,,,,True,True,True,True,FadR:ko_p,True,True
SRX3565164,2285,SAMN07621836,SINGLE,Sulfolobus acidocaldarius,403205,183924,2018-01-16 10:33:12,TRANSCRIPTOMIC,Sulfolobus acidocaldarius,0,other,SRA647048,,2285,SRP129767,ILLUMINA,2285,PRJNA403205,0,SRR6475345,RNA-Seq,SRS2837347,JGI,NextSeq 500,4950666,,,,7621836,98-3,DSM 639,,GDGT,75_2.4_log,2,75_2.4_log,Sulfobus acidocaldarius DSM 639,Brock,,(NH4)2SO4(1.3),,,75,2.4,Log phase (B),,,True,True,True,True,GDGT:75_2.4_log,True,True
SRX3565165,2285,SAMN07621191,SINGLE,Sulfolobus acidocaldarius,403236,183924,2018-01-16 10:32:11,TRANSCRIPTOMIC,Sulfolobus acidocaldarius,0,other,SRA647048,,2285,SRP129766,ILLUMINA,2285,PRJNA403236,0,SRR6475344,RNA-Seq,SRS2837346,JGI,NextSeq 500,4950667,,,,7621191,98-3,DSM 639,,GDGT,80_3.5_stat,3,75_2.4_log,Sulfobus acidocaldarius DSM 639,Brock,,(NH4)2SO4(1.3),,,80,3.5,Stationary phase (C),,,True,True,True,True,GDGT:80_3.5_stat,True,True
SRX3565166,2285,SAMN07621287,SINGLE,Sulfolobus acidocaldarius,403224,183924,2018-01-16 10:31:11,TRANSCRIPTOMIC,Sulfolobus acidocaldarius,0,other,SRA647048,,2285,SRP129765,ILLUMINA,2285,PRJNA403224,0,SRR6475343,RNA-Seq,SRS2837345,JGI,NextSeq 500,4950668,,,,7621287,98-3,DSM 639,,GDGT,80_2.4_log,3,75_2.4_log,Sulfobus acidocaldarius DSM 639,Brock,,(NH4)2SO4(1.3),,,80,2.4,Log phase (C),,,True,True,True,True,GDGT:80_2.4_log,True,True
SRX3565167,2285,SAMN07620962,SINGLE,Sulfolobus acidocaldarius,403213,183924,2018-01-16 10:32:11,TRANSCRIPTOMIC,Sulfolobus acidocaldarius,0,other,SRA647048,,2285,SRP129769,ILLUMINA,2285,PRJNA403213,0,SRR6475342,RNA-Seq,SRS2837349,JGI,NextSeq 500,4950669,,,,7620962,98-3,DSM 639,,GDGT,75_3.5_stat,1,75_2.4_log,Sulfobus acidocaldarius DSM 639,Brock,,(NH4)2SO4(1.3),,,75,3.5,Stationary phase (A),,,True,True,True,True,GDGT:75_3.5_stat,True,True
SRX3565168,2285,SAMN07621299,SINGLE,Sulfolobus acidocaldarius,403220,183924,2018-01-16 10:31:12,TRANSCRIPTOMIC,Sulfolobus acidocaldarius,0,other,SRA647048,,2285,SRP129768,ILLUMINA,2285,PRJNA403220,0,SRR6475341,RNA-Seq,SRS2837348,JGI,NextSeq 500,4950670,,,,7621299,98-3,DSM 639,,GDGT,80_1.6_stat,2,75_2.4_log,Sulfobus acidocaldarius DSM 639,Brock,,(NH4)2SO4(1.3),,,80,1.6,Stationary phase (B),,,True,True,True,True,GDGT:80_1.6_stat,True,True
SRX3565169,2285,SAMN07621288,SINGLE,Sulfolobus acidocaldarius,403221,183924,2018-01-16 10:31:12,TRANSCRIPTOMIC,Sulfolobus acidocaldarius,0,other,SRA647048,,2285,SRP129772,ILLUMINA,2285,PRJNA403221,0,SRR6475340,RNA-Seq,SRS2837352,JGI,NextSeq 500,4950671,,,,7621288,98-3,DSM 639,,GDGT,80_1.6_stat,3,75_2.4_log,Sulfobus acidocaldarius DSM 639,Brock,,(NH4)2SO4(1.3),,,80,1.6,Stationary phase (C),,,True,True,True,True,GDGT:80_1.6_stat,True,True
SRX3565170,2285,SAMN07621473,SINGLE,Sulfolobus acidocaldarius,403209,183924,2018-01-16 10:34:12,TRANSCRIPTOMIC,Sulfolobus acidocaldarius,0,other,SRA647048,,2285,SRP129770,ILLUMINA,2285,PRJNA403209,0,SRR6475339,RNA-Seq,SRS2837350,JGI,NextSeq 500,4950672,,,,7621473,98-3,DSM 639,,GDGT,75_2.4_stat,3,75_2.4_log,Sulfobus acidocaldarius DSM 639,Brock,,(NH4)2SO4(1.3),,,75,2.4,Stationary phase (C),,,True,True,True,True,GDGT:75_2.4_stat,True,True
SRX3565171,2285,SAMN07621263,SINGLE,Sulfolobus acidocaldarius,403227,183924,2018-01-16 10:54:11,TRANSCRIPTOMIC,Sulfolobus acidocaldarius,0,other,SRA647048,,2285,SRP129771,ILLUMINA,2285,PRJNA403227,0,SRR6475338,RNA-Seq,SRS2837351,JGI,NextSeq 500,4950673,,,,7621263,98-3,DSM 639,,GDGT,80_2.4_stat,3,75_2.4_log,Sulfobus acidocaldarius DSM 639,Brock,,(NH4)2SO4(1.3),,,80,2.4,Stationary phase (C),,,True,True,True,True,GDGT:80_2.4_stat,True,True
SRX3565172,2285,SAMN07621192,SINGLE,Sulfolobus acidocaldarius,403235,183924,2018-01-16 10:31:12,TRANSCRIPTOMIC,Sulfolobus acidocaldarius,0,other,SRA647048,,2285,SRP129775,ILLUMINA,2285,PRJNA403235,0,SRR6475337,RNA-Seq,SRS2837355,JGI,NextSeq 500,4950674,,,,7621192,98-3,DSM 639,,GDGT,80_3.5_stat,2,75_2.4_log,Sulfobus acidocaldarius DSM 639,Brock,,(NH4)2SO4(1.3),,,80,3.5,Stationary phase (B),,,True,True,True,True,GDGT:80_3.5_stat,True,True
SRX3565173,2285,SAMN07620936,SINGLE,Sulfolobus acidocaldarius,403216,183924,2018-01-16 10:28:12,TRANSCRIPTOMIC,Sulfolobus acidocaldarius,0,other,SRA647048,,2285,SRP129773,ILLUMINA,2285,PRJNA403216,0,SRR6475336,RNA-Seq,SRS2837353,JGI,NextSeq 500,4950675,,,,7620936,98-3,DSM 639,,GDGT,80_1.6_log,1,75_2.4_log,Sulfobus acidocaldarius DSM 639,Brock,,(NH4)2SO4(1.3),,,80,1.6,Log phase (A),,,True,True,True,True,GDGT:80_1.6_log,True,True
SRX3565174,2285,SAMN07621132,SINGLE,Sulfolobus acidocaldarius,403195,183924,2018-01-16 10:31:12,TRANSCRIPTOMIC,Sulfolobus acidocaldarius,0,other,SRA647048,,2285,SRP129774,ILLUMINA,2285,PRJNA403195,0,SRR6475335,RNA-Seq,SRS2837354,JGI,NextSeq 500,4950676,,,,7621132,98-3,DSM 639,,GDGT,65_3.5_stat,1,75_2.4_log,Sulfobus acidocaldarius DSM 639,Brock,,(NH4)2SO4(1.3),,,65,3.5,Stationary phase (A),,,True,True,True,True,GDGT:65_3.5_stat,True,True
SRX3565176,2285,SAMN07621848,SINGLE,Sulfolobus acidocaldarius,403196,183924,2018-01-16 10:28:12,TRANSCRIPTOMIC,Sulfolobus acidocaldarius,0,other,SRA647048,,2285,SRP129779,ILLUMINA,2285,PRJNA403196,0,SRR6475333,RNA-Seq,SRS2837359,JGI,NextSeq 500,4950678,,,,7621848,98-3,DSM 639,,GDGT,65_3.5_stat,2,75_2.4_log,Sulfobus acidocaldarius DSM 639,Brock,,(NH4)2SO4(1.3),,,65,3.5,Stationary phase (B),,,True,True,True,True,GDGT:65_3.5_stat,True,True
SRX3565177,2285,SAMN07620950,SINGLE,Sulfolobus acidocaldarius,403214,183924,2018-01-16 10:31:12,TRANSCRIPTOMIC,Sulfolobus acidocaldarius,0,other,SRA647048,,2285,SRP129776,ILLUMINA,2285,PRJNA403214,0,SRR6475332,RNA-Seq,SRS2837356,JGI,NextSeq 500,4950679,,,,7620950,98-3,DSM 639,,GDGT,75_3.5_stat,2,75_2.4_log,Sulfobus acidocaldarius DSM 639,Brock,,(NH4)2SO4(1.3),,,75,3.5,Stationary phase (B),,,True,True,True,True,GDGT:75_3.5_stat,True,True
SRX3565178,2285,SAMN07620975,SINGLE,Sulfolobus acidocaldarius,403202,183924,2018-01-16 10:28:12,TRANSCRIPTOMIC,Sulfolobus acidocaldarius,0,other,SRA647048,,2285,SRP129780,ILLUMINA,2285,PRJNA403202,0,SRR6475331,RNA-Seq,SRS2837360,JGI,NextSeq 500,4950680,,,,7620975,98-3,DSM 639,,GDGT,75_1.6_stat,2,75_2.4_log,Sulfobus acidocaldarius DSM 639,Brock,,(NH4)2SO4(1.3),,,75,1.6,Stationary phase (B),,,True,True,True,True,GDGT:75_1.6_stat,True,True
SRX3565179,2285,SAMN07620974,SINGLE,Sulfolobus acidocaldarius,403207,183924,2018-01-16 10:31:12,TRANSCRIPTOMIC,Sulfolobus acidocaldarius,0,other,SRA647048,,2285,SRP129778,ILLUMINA,2285,PRJNA403207,0,SRR6475330,RNA-Seq,SRS2837358,JGI,NextSeq 500,4950681,,,,7620974,98-3,DSM 639,,GDGT,75_2.4_stat,1,75_2.4_log,Sulfobus acidocaldarius DSM 639,Brock,,(NH4)2SO4(1.3),,,75,2.4,Stationary phase (A),,,True,True,True,True,GDGT:75_2.4_stat,True,True
SRX3565180,2285,SAMN07621312,SINGLE,Sulfolobus acidocaldarius,403206,183924,2018-01-16 10:28:12,TRANSCRIPTOMIC,Sulfolobus acidocaldarius,0,other,SRA647048,,2285,SRP129781,ILLUMINA,2285,PRJNA403206,0,SRR6475329,RNA-Seq,SRS2837361,JGI,NextSeq 500,4950682,,,,7621312,98-3,DSM 639,,GDGT,75_2.4_log,3,75_2.4_log,Sulfobus acidocaldarius DSM 639,Brock,,(NH4)2SO4(1.3),,,75,2.4,Log phase (C),,,True,True,True,True,GDGT:75_2.4_log,True,True
SRX3565181,2285,SAMN07620949,SINGLE,Sulfolobus acidocaldarius,403215,183924,2018-01-16 10:31:12,TRANSCRIPTOMIC,Sulfolobus acidocaldarius,0,other,SRA647048,,2285,SRP129782,ILLUMINA,2285,PRJNA403215,0,SRR6475328,RNA-Seq,SRS2837362,JGI,NextSeq 500,4950683,,,,7620949,98-3,DSM 639,,GDGT,75_3.5_stat,3,75_2.4_log,Sulfobus acidocaldarius DSM 639,Brock,,(NH4)2SO4(1.3),,,75,3.5,Stationary phase (C),,,True,True,True,True,GDGT:75_3.5_stat,True,True
SRX3565182,2285,SAMN07621274,SINGLE,Sulfolobus acidocaldarius,403226,183924,2018-01-16 10:32:11,TRANSCRIPTOMIC,Sulfolobus acidocaldarius,0,other,SRA647048,,2285,SRP129783,ILLUMINA,2285,PRJNA403226,0,SRR6475327,RNA-Seq,SRS2837363,JGI,NextSeq 500,4950684,,,,7621274,98-3,DSM 639,,GDGT,80_2.4_stat,2,75_2.4_log,Sulfobus acidocaldarius DSM 639,Brock,,(NH4)2SO4(1.3),,,80,2.4,Stationary phase (B),,,True,True,True,True,GDGT:80_2.4_stat,True,True
SRX3565183,2285,SAMN07621275,SINGLE,Sulfolobus acidocaldarius,403225,183924,2018-01-16 10:29:12,TRANSCRIPTOMIC,Sulfolobus acidocaldarius,0,other,SRA647048,,2285,SRP129784,ILLUMINA,2285,PRJNA403225,0,SRR6475326,RNA-Seq,SRS2837364,JGI,NextSeq 500,4950685,,,,7621275,98-3,DSM 639,,GDGT,80_2.4_stat,1,75_2.4_log,Sulfobus acidocaldarius DSM 639,Brock,,(NH4)2SO4(1.3),,,80,2.4,Stationary phase (A),,,True,True,True,True,GDGT:80_2.4_stat,True,True
SRX3565184,2285,SAMN07621511,SINGLE,Sulfolobus acidocaldarius,403208,183924,2018-01-16 10:27:13,TRANSCRIPTOMIC,Sulfolobus acidocaldarius,0,other,SRA647048,,2285,SRP129785,ILLUMINA,2285,PRJNA403208,0,SRR6475325,RNA-Seq,SRS2837365,JGI,NextSeq 500,4950686,,,,7621511,98-3,DSM 639,,GDGT,75_2.4_stat,2,75_2.4_log,Sulfobus acidocaldarius DSM 639,Brock,,(NH4)2SO4(1.3),,,75,2.4,Stationary phase (B),,,True,True,True,True,GDGT:75_2.4_stat,True,True
SRX3565185,2285,SAMN07621738,SINGLE,Sulfolobus acidocaldarius,403203,183924,2018-01-16 10:29:12,TRANSCRIPTOMIC,Sulfolobus acidocaldarius,0,other,SRA647048,,2285,SRP129786,ILLUMINA,2285,PRJNA403203,0,SRR6475324,RNA-Seq,SRS2837366,JGI,NextSeq 500,4950687,,,,7621738,98-3,DSM 639,,GDGT,75_1.6_stat,3,75_2.4_log,Sulfobus acidocaldarius DSM 639,Brock,,(NH4)2SO4(1.3),,,75,1.6,Stationary phase (C),,,True,True,True,True,GDGT:75_1.6_stat,True,True
SRX3565186,2285,SAMN07621937,SINGLE,Sulfolobus acidocaldarius,403219,183924,2018-01-16 10:36:12,TRANSCRIPTOMIC,Sulfolobus acidocaldarius,0,other,SRA647048,,2285,SRP129788,ILLUMINA,2285,PRJNA403219,0,SRR6475323,RNA-Seq,SRS2837368,JGI,NextSeq 500,4950688,,,,7621937,98-3,DSM 639,,GDGT,80_1.6_stat,1,75_2.4_log,Sulfobus acidocaldarius DSM 639,Brock,,(NH4)2SO4(1.3),,,80,1.6,Stationary phase (A),,,True,True,True,True,GDGT:80_1.6_stat,True,True
SRX3565187,2285,SAMN07621847,SINGLE,Sulfolobus acidocaldarius,403197,183924,2018-01-16 10:32:11,TRANSCRIPTOMIC,Sulfolobus acidocaldarius,0,other,SRA647048,,2285,SRP129791,ILLUMINA,2285,PRJNA403197,0,SRR6475322,RNA-Seq,SRS2837371,JGI,NextSeq 500,4950689,,,,7621847,98-3,DSM 639,,GDGT,65_3.5_stat,3,75_2.4_log,Sulfobus acidocaldarius DSM 639,Brock,,(NH4)2SO4(1.3),,,65,3.5,Stationary phase (C),,,True,True,True,True,GDGT:65_3.5_stat,True,True
SRX3565188,2285,SAMN07620987,SINGLE,Sulfolobus acidocaldarius,403198,183924,2018-01-16 10:27:13,TRANSCRIPTOMIC,Sulfolobus acidocaldarius,0,other,SRA647048,,2285,SRP129787,ILLUMINA,2285,PRJNA403198,0,SRR6475321,RNA-Seq,SRS2837367,JGI,NextSeq 500,4950690,,,,7620987,98-3,DSM 639,,GDGT,75_1.6_log,1,75_2.4_log,Sulfobus acidocaldarius DSM 639,Brock,,(NH4)2SO4(1.3),,,75,1.6,Log phase (A),,,True,True,True,True,GDGT:75_1.6_log,True,True
SRX3565190,2285,SAMN07621837,SINGLE,Sulfolobus acidocaldarius,403199,183924,2018-01-16 10:31:12,TRANSCRIPTOMIC,Sulfolobus acidocaldarius,0,other,SRA647048,,2285,SRP129790,ILLUMINA,2285,PRJNA403199,0,SRR6475319,RNA-Seq,SRS2837370,JGI,NextSeq 500,4950692,,,,7621837,98-3,DSM 639,,GDGT,75_1.6_log,2,75_2.4_log,Sulfobus acidocaldarius DSM 639,Brock,,(NH4)2SO4(1.3),,,75,1.6,Log phase (B),,,True,True,True,True,GDGT:75_1.6_log,True,True
SRX3565191,2285,SAMN07621326,SINGLE,Sulfolobus acidocaldarius,403200,183924,2018-01-16 10:29:12,TRANSCRIPTOMIC,Sulfolobus acidocaldarius,0,other,SRA647048,,2285,SRP129792,ILLUMINA,2285,PRJNA403200,0,SRR6475318,RNA-Seq,SRS2837372,JGI,NextSeq 500,4950693,,,,7621326,98-3,DSM 639,,GDGT,75_1.6_log,3,75_2.4_log,Sulfobus acidocaldarius DSM 639,Brock,,(NH4)2SO4(1.3),,,75,1.6,Log phase (C),,,True,True,True,True,GDGT:75_1.6_log,True,True
SRX3565192,2285,SAMN07621205,SINGLE,Sulfolobus acidocaldarius,403222,183924,2018-01-16 10:29:12,TRANSCRIPTOMIC,Sulfolobus acidocaldarius,0,other,SRA647048,,2285,SRP129793,ILLUMINA,2285,PRJNA403222,0,SRR6475317,RNA-Seq,SRS2837373,JGI,NextSeq 500,4950694,,,,7621205,98-3,DSM 639,,GDGT,80_2.4_log,1,75_2.4_log,Sulfobus acidocaldarius DSM 639,Brock,,(NH4)2SO4(1.3),,,80,2.4,Log phase (A),,,True,True,True,True,GDGT:80_2.4_log,True,True
SRX3565193,2285,SAMN07620986,SINGLE,Sulfolobus acidocaldarius,403201,183924,2018-01-16 10:29:12,TRANSCRIPTOMIC,Sulfolobus acidocaldarius,0,other,SRA647048,,2285,SRP129795,ILLUMINA,2285,PRJNA403201,0,SRR6475316,RNA-Seq,SRS2837375,JGI,NextSeq 500,4950695,,,,7620986,98-3,DSM 639,,GDGT,75_1.6_stat,1,75_2.4_log,Sulfobus acidocaldarius DSM 639,Brock,,(NH4)2SO4(1.3),,,75,1.6,Stationary phase (A),,,True,True,True,True,GDGT:75_1.6_stat,True,True
SRX3565194,2285,SAMN07620935,SINGLE,Sulfolobus acidocaldarius,403217,183924,2018-01-16 10:28:12,TRANSCRIPTOMIC,Sulfolobus acidocaldarius,0,other,SRA647048,,2285,SRP129794,ILLUMINA,2285,PRJNA403217,0,SRR6475315,RNA-Seq,SRS2837374,JGI,NextSeq 500,4950696,,,,7620935,98-3,DSM 639,,GDGT,80_1.6_log,2,75_2.4_log,Sulfobus acidocaldarius DSM 639,Brock,,(NH4)2SO4(1.3),,,80,1.6,Log phase (B),,,True,True,True,True,GDGT:80_1.6_log,True,True
SRX3565195,2285,SAMN07621339,SINGLE,Sulfolobus acidocaldarius,403190,183924,2018-01-16 10:26:12,TRANSCRIPTOMIC,Sulfolobus acidocaldarius,0,other,SRA647048,,2285,SRP129796,ILLUMINA,2285,PRJNA403190,0,SRR6475314,RNA-Seq,SRS2837376,JGI,NextSeq 500,4950697,,,,7621339,98-3,DSM 639,,GDGT,65_2.4_stat,2,75_2.4_log,Sulfobus acidocaldarius DSM 639,Brock,,(NH4)2SO4(1.3),,,65,2.4,Stationary phase (B),,,True,True,True,True,GDGT:65_2.4_stat,True,True
SRX3565196,2285,SAMN07621300,SINGLE,Sulfolobus acidocaldarius,403218,183924,2018-01-16 10:31:12,TRANSCRIPTOMIC,Sulfolobus acidocaldarius,0,other,SRA647048,,2285,SRP129797,ILLUMINA,2285,PRJNA403218,0,SRR6475313,RNA-Seq,SRS2837377,JGI,NextSeq 500,4950698,,,,7621300,98-3,DSM 639,,GDGT,80_1.6_log,3,75_2.4_log,Sulfobus acidocaldarius DSM 639,Brock,,(NH4)2SO4(1.3),,,80,1.6,Log phase (C),,,True,True,True,True,GDGT:80_1.6_log,True,True
SRX3565197,2285,SAMN07621591,SINGLE,Sulfolobus acidocaldarius,403223,183924,2018-01-16 10:29:12,TRANSCRIPTOMIC,Sulfolobus acidocaldarius,0,other,SRA647048,,2285,SRP129798,ILLUMINA,2285,PRJNA403223,0,SRR6475312,RNA-Seq,SRS2837378,JGI,NextSeq 500,4950699,,,,7621591,98-3,DSM 639,,GDGT,80_2.4_log,2,75_2.4_log,Sulfobus acidocaldarius DSM 639,Brock,,(NH4)2SO4(1.3),,,80,2.4,Log phase (B),,,True,True,True,True,GDGT:80_2.4_log,True,True
SRX3565198,2285,SAMN07621204,SINGLE,Sulfolobus acidocaldarius,403231,183924,2018-01-16 10:27:13,TRANSCRIPTOMIC,Sulfolobus acidocaldarius,0,other,SRA647048,,2285,SRP129799,ILLUMINA,2285,PRJNA403231,0,SRR6475311,RNA-Seq,SRS2837379,JGI,NextSeq 500,4950700,,,,7621204,98-3,DSM 639,,GDGT,80_3.5_stat,1,75_2.4_log,Sulfobus acidocaldarius DSM 639,Brock,,(NH4)2SO4(1.3),,,80,3.5,Stationary phase (A),,,True,True,True,True,GDGT:80_3.5_stat,True,True
SRX3565199,2285,SAMN07621860,SINGLE,Sulfolobus acidocaldarius,403186,183924,2018-01-16 10:27:13,TRANSCRIPTOMIC,Sulfolobus acidocaldarius,0,other,SRA647048,,2285,SRP129800,ILLUMINA,2285,PRJNA403186,0,SRR6475310,RNA-Seq,SRS2837380,JGI,NextSeq 500,4950701,,,,7621860,98-3,DSM 639,,GDGT,65_2.4_log,1,75_2.4_log,Sulfobus acidocaldarius DSM 639,Brock,,(NH4)2SO4(1.3),,,65,2.4,Log phase (A),,,True,True,True,True,GDGT:65_2.4_log,True,True
SRX3565200,2285,SAMN07621353,SINGLE,Sulfolobus acidocaldarius,403187,183924,2018-01-16 10:31:12,TRANSCRIPTOMIC,Sulfolobus acidocaldarius,0,other,SRA647048,,2285,SRP129801,ILLUMINA,2285,PRJNA403187,0,SRR6475309,RNA-Seq,SRS2837381,JGI,NextSeq 500,4950702,,,,7621353,98-3,DSM 639,,GDGT,65_2.4_log,2,75_2.4_log,Sulfobus acidocaldarius DSM 639,Brock,,(NH4)2SO4(1.3),,,65,2.4,Log phase (B),,,True,True,True,True,GDGT:65_2.4_log,True,True
SRX3565201,2285,SAMN07621262,SINGLE,Sulfolobus acidocaldarius,403228,183924,2018-01-16 10:28:12,TRANSCRIPTOMIC,Sulfolobus acidocaldarius,0,other,SRA647048,,2285,SRP129808,ILLUMINA,2285,PRJNA403228,0,SRR6475308,RNA-Seq,SRS2837387,JGI,NextSeq 500,4950703,,,,7621262,98-3,DSM 639,,GDGT,80_3.5_log,1,75_2.4_log,Sulfobus acidocaldarius DSM 639,Brock,,(NH4)2SO4(1.3),,,80,3.5,Log phase (A),,,True,True,True,True,GDGT:80_3.5_log,True,True
SRX3565202,2285,SAMN07621001,SINGLE,Sulfolobus acidocaldarius,403189,183924,2018-01-16 10:31:12,TRANSCRIPTOMIC,Sulfolobus acidocaldarius,0,other,SRA647048,,2285,SRP129802,ILLUMINA,2285,PRJNA403189,0,SRR6475307,RNA-Seq,SRS2837382,JGI,NextSeq 500,4950704,,,,7621001,98-3,DSM 639,,GDGT,65_2.4_stat,1,75_2.4_log,Sulfobus acidocaldarius DSM 639,Brock,,(NH4)2SO4(1.3),,,65,2.4,Stationary phase (A),,,True,True,True,True,GDGT:65_2.4_stat,True,True
SRX3565203,2285,SAMN07621340,SINGLE,Sulfolobus acidocaldarius,403188,183924,2018-01-16 10:27:13,TRANSCRIPTOMIC,Sulfolobus acidocaldarius,0,other,SRA647048,,2285,SRP129803,ILLUMINA,2285,PRJNA403188,0,SRR6475306,RNA-Seq,SRS2837383,JGI,NextSeq 500,4950705,,,,7621340,98-3,DSM 639,,GDGT,65_2.4_log,3,75_2.4_log,Sulfobus acidocaldarius DSM 639,Brock,,(NH4)2SO4(1.3),,,65,2.4,Log phase (C),,,True,True,True,True,GDGT:65_2.4_log,True,True
SRX3565204,2285,SAMN07621365,SINGLE,Sulfolobus acidocaldarius,403182,183924,2018-01-16 10:29:12,TRANSCRIPTOMIC,Sulfolobus acidocaldarius,0,other,SRA647048,,2285,SRP129804,ILLUMINA,2285,PRJNA403182,0,SRR6475305,RNA-Seq,SRS2837384,JGI,NextSeq 500,4950706,,,,7621365,98-3,DSM 639,,GDGT,65_1.6_log,3,75_2.4_log,Sulfobus acidocaldarius DSM 639,Brock,,(NH4)2SO4(1.3),,,65,1.6,Log phase (C),,,True,True,True,True,GDGT:65_1.6_log,True,True
SRX3565205,2285,SAMN07621574,SINGLE,Sulfolobus acidocaldarius,403191,183924,2018-01-16 10:31:12,TRANSCRIPTOMIC,Sulfolobus acidocaldarius,0,other,SRA647048,,2285,SRP129806,ILLUMINA,2285,PRJNA403191,0,SRR6475304,RNA-Seq,SRS2837386,JGI,NextSeq 500,4950707,,,,7621574,98-3,DSM 639,,GDGT,65_2.4_stat,3,75_2.4_log,Sulfobus acidocaldarius DSM 639,Brock,,(NH4)2SO4(1.3),,,65,2.4,Stationary phase (C),,,True,True,True,True,GDGT:65_2.4_stat,True,True
SRX3565206,2285,SAMN07621313,SINGLE,Sulfolobus acidocaldarius,403204,183924,2018-01-16 10:27:13,TRANSCRIPTOMIC,Sulfolobus acidocaldarius,0,other,SRA647048,,2285,SRP129805,ILLUMINA,2285,PRJNA403204,0,SRR6475303,RNA-Seq,SRS2837385,JGI,NextSeq 500,4950708,,,,7621313,98-3,DSM 639,,GDGT,75_2.4_log,1,75_2.4_log,Sulfobus acidocaldarius DSM 639,Brock,,(NH4)2SO4(1.3),,,75,2.4,Log phase (A),,,True,True,True,True,GDGT:75_2.4_log,True,True
SRX3565208,2285,SAMN07621923,SINGLE,Sulfolobus acidocaldarius,403229,183924,2018-01-16 10:26:12,TRANSCRIPTOMIC,Sulfolobus acidocaldarius,0,other,SRA647048,,2285,SRP129807,ILLUMINA,2285,PRJNA403229,0,SRR6475301,RNA-Seq,SRS2837388,JGI,NextSeq 500,4950710,,,,7621923,98-3,DSM 639,,GDGT,80_3.5_log,2,75_2.4_log,Sulfobus acidocaldarius DSM 639,Brock,,(NH4)2SO4(1.3),,,80,3.5,Log phase (B),,,True,True,True,True,GDGT:80_3.5_log,True,True
SRX3565209,2285,SAMN07621486,SINGLE,Sulfolobus acidocaldarius,403230,183924,2018-01-16 10:27:13,TRANSCRIPTOMIC,Sulfolobus acidocaldarius,0,other,SRA647048,,2285,SRP129810,ILLUMINA,2285,PRJNA403230,0,SRR6475300,RNA-Seq,SRS2837391,JGI,NextSeq 500,4950711,,,,7621486,98-3,DSM 639,,GDGT,80_3.5_log,3,75_2.4_log,Sulfobus acidocaldarius DSM 639,Brock,,(NH4)2SO4(1.3),,,80,3.5,Log phase (C),,,True,True,True,True,GDGT:80_3.5_log,True,True
SRX3565210,2285,SAMN07621366,SINGLE,Sulfolobus acidocaldarius,403181,183924,2018-01-16 10:27:13,TRANSCRIPTOMIC,Sulfolobus acidocaldarius,0,other,SRA647048,,2285,SRP129811,ILLUMINA,2285,PRJNA403181,0,SRR6475299,RNA-Seq,SRS2837392,JGI,NextSeq 500,4950712,,,,7621366,98-3,DSM 639,,GDGT,65_1.6_log,2,75_2.4_log,Sulfobus acidocaldarius DSM 639,Brock,,(NH4)2SO4(1.3),,,65,1.6,Log phase (B),,,True,True,True,True,GDGT:65_1.6_log,True,True
SRX3823521,2285,SAMN08742753,PAIRED,Sulfolobus acidocaldarius,439217,183924,2020-03-20 16:27:31,TRANSCRIPTOMIC,Sulfolobus acidocaldarius,0,cDNA,SRA668414,,2285,SRP136073,ILLUMINA,2285,PRJNA439217,0,SRR6869141;SRR6869142,RNA-Seq,SRS3072974,GEO,Illumina HiSeq 1500,5261381,GSE112071,GSM3056999,,8742753,MW001+pyrEF,WT,,UV_irr,wt0,1,wt0,,Brock,dextrin(?),(NH4)2SO4(1.3),,"0.2% dextrin, 0.1% NZ-amine, 0.2% uracil",75,3.5,,,Before UV treatment (MW001 complemented with the pyrEF cassette),True,True,True,True,UV_irr:wt0,True,True
SRX3823522,2285,SAMN08742752,PAIRED,Sulfolobus acidocaldarius,439217,183924,2020-03-20 16:27:31,TRANSCRIPTOMIC,Sulfolobus acidocaldarius,0,cDNA,SRA668414,,2285,SRP136073,ILLUMINA,2285,PRJNA439217,0,SRR6869143;SRR6869144,RNA-Seq,SRS3072975,GEO,Illumina HiSeq 1500,5261382,GSE112071,GSM3057000,,8742752,MW001+pyrEF,WT,,UV_irr,wt0,2,wt0,,Brock,dextrin(?),(NH4)2SO4(1.3),,"0.2% dextrin, 0.1% NZ-amine, 0.2% uracil",75,3.5,,,Before UV treatment (MW001 complemented with the pyrEF cassette),True,True,True,True,UV_irr:wt0,True,True
SRX3823523,2285,SAMN08742751,PAIRED,Sulfolobus acidocaldarius,439217,183924,2020-03-20 16:27:31,TRANSCRIPTOMIC,Sulfolobus acidocaldarius,0,cDNA,SRA668414,,2285,SRP136073,ILLUMINA,2285,PRJNA439217,0,SRR6869145;SRR6869146,RNA-Seq,SRS3072976,GEO,Illumina HiSeq 1500,5261383,GSE112071,GSM3057001,,8742751,MW001+pyrEF,WT,,UV_irr,wt0,3,wt0,,Brock,dextrin(?),(NH4)2SO4(1.3),,"0.2% dextrin, 0.1% NZ-amine, 0.2% uracil",75,3.5,,,Before UV treatment (MW001 complemented with the pyrEF cassette),True,True,True,True,UV_irr:wt0,True,True
SRX3823524,2285,SAMN08742750,PAIRED,Sulfolobus acidocaldarius,439217,183924,2020-03-20 16:27:31,TRANSCRIPTOMIC,Sulfolobus acidocaldarius,0,cDNA,SRA668414,,2285,SRP136073,ILLUMINA,2285,PRJNA439217,0,SRR6869147;SRR6869148,RNA-Seq,SRS3072977,GEO,Illumina HiSeq 1500,5261384,GSE112071,GSM3057002,,8742750,MW001+pyrEF,WT,,UV_irr,wt1,1,wt0,,Brock,dextrin(?),(NH4)2SO4(1.3),,"0.2% dextrin, 0.1% NZ-amine, 0.2% uracil",75,3.5,,,45 minutes after UV treatment (MW001 complemented with the pyrEF cassette),True,True,True,True,UV_irr:wt1,True,True
SRX3823525,2285,SAMN08742749,PAIRED,Sulfolobus acidocaldarius,439217,183924,2020-03-20 16:27:31,TRANSCRIPTOMIC,Sulfolobus acidocaldarius,0,cDNA,SRA668414,,2285,SRP136073,ILLUMINA,2285,PRJNA439217,0,SRR6869149;SRR6869150,RNA-Seq,SRS3072978,GEO,Illumina HiSeq 1500,5261385,GSE112071,GSM3057003,,8742749,MW001+pyrEF,WT,,UV_irr,wt1,2,wt0,,Brock,dextrin(?),(NH4)2SO4(1.3),,"0.2% dextrin, 0.1% NZ-amine, 0.2% uracil",75,3.5,,,45 minutes after UV treatment (MW001 complemented with the pyrEF cassette),True,True,True,True,UV_irr:wt1,True,True
SRX3823526,2285,SAMN08742748,PAIRED,Sulfolobus acidocaldarius,439217,183924,2020-03-20 16:27:31,TRANSCRIPTOMIC,Sulfolobus acidocaldarius,0,cDNA,SRA668414,,2285,SRP136073,ILLUMINA,2285,PRJNA439217,0,SRR6869151;SRR6869152,RNA-Seq,SRS3072979,GEO,Illumina HiSeq 1500,5261386,GSE112071,GSM3057004,,8742748,MW001+pyrEF,WT,,UV_irr,wt1,3,wt0,,Brock,dextrin(?),(NH4)2SO4(1.3),,"0.2% dextrin, 0.1% NZ-amine, 0.2% uracil",75,3.5,,,45 minutes after UV treatment (MW001 complemented with the pyrEF cassette),True,True,True,True,UV_irr:wt1,True,True
SRX3823527,2285,SAMN08742747,PAIRED,Sulfolobus acidocaldarius,439217,183924,2020-03-20 16:27:31,TRANSCRIPTOMIC,Sulfolobus acidocaldarius,0,cDNA,SRA668414,,2285,SRP136073,ILLUMINA,2285,PRJNA439217,0,SRR6869153;SRR6869154,RNA-Seq,SRS3072980,GEO,Illumina HiSeq 1500,5261387,GSE112071,GSM3057005,,8742747,MW001+pyrEF,WT,,UV_irr,wt2,1,wt0,,Brock,dextrin(?),(NH4)2SO4(1.3),,"0.2% dextrin, 0.1% NZ-amine, 0.2% uracil",75,3.5,,,90 minutes after UV treatment (MW001 complemented with the pyrEF cassette),True,True,True,True,UV_irr:wt2,True,True
SRX3823528,2285,SAMN08742746,PAIRED,Sulfolobus acidocaldarius,439217,183924,2020-03-20 16:27:31,TRANSCRIPTOMIC,Sulfolobus acidocaldarius,0,cDNA,SRA668414,,2285,SRP136073,ILLUMINA,2285,PRJNA439217,0,SRR6869155;SRR6869156,RNA-Seq,SRS3072991,GEO,Illumina HiSeq 1500,5261388,GSE112071,GSM3057006,,8742746,MW001+pyrEF,WT,,UV_irr,wt2,2,wt0,,Brock,dextrin(?),(NH4)2SO4(1.3),,"0.2% dextrin, 0.1% NZ-amine, 0.2% uracil",75,3.5,,,90 minutes after UV treatment (MW001 complemented with the pyrEF cassette),True,True,True,True,UV_irr:wt2,True,True
SRX3823529,2285,SAMN08742745,PAIRED,Sulfolobus acidocaldarius,439217,183924,2020-03-20 16:27:31,TRANSCRIPTOMIC,Sulfolobus acidocaldarius,0,cDNA,SRA668414,,2285,SRP136073,ILLUMINA,2285,PRJNA439217,0,SRR6869157;SRR6869158,RNA-Seq,SRS3072981,GEO,Illumina HiSeq 1500,5261389,GSE112071,GSM3057007,,8742745,MW001+pyrEF,WT,,UV_irr,wt2,3,wt0,,Brock,dextrin(?),(NH4)2SO4(1.3),,"0.2% dextrin, 0.1% NZ-amine, 0.2% uracil",75,3.5,,,90 minutes after UV treatment (MW001 complemented with the pyrEF cassette),True,True,True,True,UV_irr:wt2,True,True
SRX3823530,2285,SAMN08742744,PAIRED,Sulfolobus acidocaldarius,439217,183924,2020-03-20 16:27:31,TRANSCRIPTOMIC,Sulfolobus acidocaldarius,0,cDNA,SRA668414,,2285,SRP136073,ILLUMINA,2285,PRJNA439217,0,SRR6869159;SRR6869160,RNA-Seq,SRS3072982,GEO,Illumina HiSeq 1500,5261390,GSE112071,GSM3057008,,8742744,MW001 tbf3::pyrEF,tfb3 insertion mutant,,UV_irr,mut0,1,wt0,,Brock,dextrin(?),(NH4)2SO4(1.3),,"0.2% dextrin, 0.1% NZ-amine, 0.2% uracil",75,3.5,,,"Before UV treatment (insertion mutant, tfb3 disrupted by prEF from S. solfataricus)",True,True,True,True,UV_irr:mut0,True,True
SRX3823531,2285,SAMN08742743,PAIRED,Sulfolobus acidocaldarius,439217,183924,2020-03-20 16:27:31,TRANSCRIPTOMIC,Sulfolobus acidocaldarius,0,cDNA,SRA668414,,2285,SRP136073,ILLUMINA,2285,PRJNA439217,0,SRR6869161;SRR6869162,RNA-Seq,SRS3072983,GEO,Illumina HiSeq 1500,5261391,GSE112071,GSM3057009,,8742743,MW001 tbf3::pyrEF,tfb3 insertion mutant,,UV_irr,mut0,2,wt0,,Brock,dextrin(?),(NH4)2SO4(1.3),,"0.2% dextrin, 0.1% NZ-amine, 0.2% uracil",75,3.5,,,"Before UV treatment (insertion mutant, tfb3 disrupted by prEF from S. solfataricus)",True,True,True,True,UV_irr:mut0,True,True
SRX3823532,2285,SAMN08742742,PAIRED,Sulfolobus acidocaldarius,439217,183924,2020-03-20 16:27:31,TRANSCRIPTOMIC,Sulfolobus acidocaldarius,0,cDNA,SRA668414,,2285,SRP136073,ILLUMINA,2285,PRJNA439217,0,SRR6869163;SRR6869164,RNA-Seq,SRS3072984,GEO,Illumina HiSeq 1500,5261392,GSE112071,GSM3057010,,8742742,MW001 tbf3::pyrEF,tfb3 insertion mutant,,UV_irr,mut0,3,wt0,,Brock,dextrin(?),(NH4)2SO4(1.3),,"0.2% dextrin, 0.1% NZ-amine, 0.2% uracil",75,3.5,,,"Before UV treatment (insertion mutant, tfb3 disrupted by prEF from S. solfataricus)",True,True,True,True,UV_irr:mut0,True,True
SRX3823533,2285,SAMN08742741,PAIRED,Sulfolobus acidocaldarius,439217,183924,2020-03-20 16:27:31,TRANSCRIPTOMIC,Sulfolobus acidocaldarius,0,cDNA,SRA668414,,2285,SRP136073,ILLUMINA,2285,PRJNA439217,0,SRR6869165;SRR6869166,RNA-Seq,SRS3072985,GEO,Illumina HiSeq 1500,5261393,GSE112071,GSM3057011,,8742741,MW001 tbf3::pyrEF,tfb3 insertion mutant,,UV_irr,mut1,1,wt0,,Brock,dextrin(?),(NH4)2SO4(1.3),,"0.2% dextrin, 0.1% NZ-amine, 0.2% uracil",75,3.5,,,"45 minutes after UV treatment (insertion mutant, tfb3 disrupted by prEF from S. solfataricus)",True,True,True,True,UV_irr:mut1,True,True
SRX3823534,2285,SAMN08742740,PAIRED,Sulfolobus acidocaldarius,439217,183924,2020-03-20 16:27:31,TRANSCRIPTOMIC,Sulfolobus acidocaldarius,0,cDNA,SRA668414,,2285,SRP136073,ILLUMINA,2285,PRJNA439217,0,SRR6869167;SRR6869168,RNA-Seq,SRS3072986,GEO,Illumina HiSeq 1500,5261394,GSE112071,GSM3057012,,8742740,MW001 tbf3::pyrEF,tfb3 insertion mutant,,UV_irr,mut1,2,wt0,,Brock,dextrin(?),(NH4)2SO4(1.3),,"0.2% dextrin, 0.1% NZ-amine, 0.2% uracil",75,3.5,,,"45 minutes after UV treatment (insertion mutant, tfb3 disrupted by prEF from S. solfataricus)",True,True,True,True,UV_irr:mut1,True,True
SRX3823536,2285,SAMN08742739,PAIRED,Sulfolobus acidocaldarius,439217,183924,2020-03-20 16:27:31,TRANSCRIPTOMIC,Sulfolobus acidocaldarius,0,cDNA,SRA668414,,2285,SRP136073,ILLUMINA,2285,PRJNA439217,0,SRR6869169;SRR6869170,RNA-Seq,SRS3072987,GEO,Illumina HiSeq 1500,5261396,GSE112071,GSM3057013,,8742739,MW001 tbf3::pyrEF,tfb3 insertion mutant,,UV_irr,mut1,3,wt0,,Brock,dextrin(?),(NH4)2SO4(1.3),,"0.2% dextrin, 0.1% NZ-amine, 0.2% uracil",75,3.5,,,"45 minutes after UV treatment (insertion mutant, tfb3 disrupted by prEF from S. solfataricus)",True,True,True,True,UV_irr:mut1,True,True
SRX3823537,2285,SAMN08742738,PAIRED,Sulfolobus acidocaldarius,439217,183924,2020-03-20 16:27:31,TRANSCRIPTOMIC,Sulfolobus acidocaldarius,0,cDNA,SRA668414,,2285,SRP136073,ILLUMINA,2285,PRJNA439217,0,SRR6869171;SRR6869172,RNA-Seq,SRS3072988,GEO,Illumina HiSeq 1500,5261397,GSE112071,GSM3057014,,8742738,MW001 tbf3::pyrEF,tfb3 insertion mutant,,UV_irr,mut2,1,wt0,,Brock,dextrin(?),(NH4)2SO4(1.3),,"0.2% dextrin, 0.1% NZ-amine, 0.2% uracil",75,3.5,,,"90 minutes after UV treatment (insertion mutant, tfb3 disrupted by prEF from S. solfataricus)",True,True,True,True,UV_irr:mut2,True,True
SRX3823538,2285,SAMN08742737,PAIRED,Sulfolobus acidocaldarius,439217,183924,2020-03-20 16:27:31,TRANSCRIPTOMIC,Sulfolobus acidocaldarius,0,cDNA,SRA668414,,2285,SRP136073,ILLUMINA,2285,PRJNA439217,0,SRR6869173;SRR6869174,RNA-Seq,SRS3072989,GEO,Illumina HiSeq 1500,5261398,GSE112071,GSM3057015,,8742737,MW001 tbf3::pyrEF,tfb3 insertion mutant,,UV_irr,mut2,2,wt0,,Brock,dextrin(?),(NH4)2SO4(1.3),,"0.2% dextrin, 0.1% NZ-amine, 0.2% uracil",75,3.5,,,"90 minutes after UV treatment (insertion mutant, tfb3 disrupted by prEF from S. solfataricus)",True,True,True,True,UV_irr:mut2,True,True
SRX3823539,2285,SAMN08742736,PAIRED,Sulfolobus acidocaldarius,439217,183924,2020-03-20 16:27:31,TRANSCRIPTOMIC,Sulfolobus acidocaldarius,0,cDNA,SRA668414,,2285,SRP136073,ILLUMINA,2285,PRJNA439217,0,SRR6869175;SRR6869176,RNA-Seq,SRS3072990,GEO,Illumina HiSeq 1500,5261399,GSE112071,GSM3057016,,8742736,MW001 tbf3::pyrEF,tfb3 insertion mutant,,UV_irr,mut2,3,wt0,,Brock,dextrin(?),(NH4)2SO4(1.3),,"0.2% dextrin, 0.1% NZ-amine, 0.2% uracil",75,3.5,,,"90 minutes after UV treatment (insertion mutant, tfb3 disrupted by prEF from S. solfataricus)",True,True,True,True,UV_irr:mut2,True,True
SRX4001511,2285,SAMN08988072,PAIRED,Sulfolobus acidocaldarius,453776,183924,2018-12-23 11:52:17,TRANSCRIPTOMIC,Sulfolobus acidocaldarius,0,cDNA,SRA696355,,2285,SRP143365,ILLUMINA,2285,PRJNA453776,0,SRR7070766;SRR7070767;SRR7070768,RNA-Seq,SRS3223603,GEO,Illumina HiSeq 1500,5472803,GSE113716,GSM3112643,30687244,8988072,MW001,,,NutLim,t0,1,t0,,Brock,dextrin(?),(NH4)2SO4(1.3),,"0.2% dextrin, 0.1% NZ-amine, 10µg/mL uracil",75,3.5,,,Before starvation,True,True,True,True,NutLim:t0,True,True
SRX4001512,2285,SAMN08988071,PAIRED,Sulfolobus acidocaldarius,453776,183924,2018-12-23 11:52:17,TRANSCRIPTOMIC,Sulfolobus acidocaldarius,0,cDNA,SRA696355,,2285,SRP143365,ILLUMINA,2285,PRJNA453776,0,SRR7070769,RNA-Seq,SRS3223605,GEO,Illumina MiSeq,5472804,GSE113716,GSM3112644,30687244,8988071,MW001,,,NutLim,t0,2,t0,,Brock,dextrin(?),(NH4)2SO4(1.3),,"0.2% dextrin, 0.1% NZ-amine, 10µg/mL uracil",75,3.5,,,Before starvation,True,True,True,True,NutLim:t0,True,True
SRX4001513,2285,SAMN08988070,PAIRED,Sulfolobus acidocaldarius,453776,183924,2018-12-23 11:52:17,TRANSCRIPTOMIC,Sulfolobus acidocaldarius,0,cDNA,SRA696355,,2285,SRP143365,ILLUMINA,2285,PRJNA453776,0,SRR7070770;SRR7070771,RNA-Seq,SRS3223604,GEO,Illumina HiSeq 1500,5472805,GSE113716,GSM3112645,30687244,8988070,MW001,,,NutLim,t0,3,t0,,Brock,dextrin(?),(NH4)2SO4(1.3),,"0.2% dextrin, 0.1% NZ-amine, 10µg/mL uracil",75,3.5,,,Before starvation,True,True,True,True,NutLim:t0,True,True
SRX4001514,2285,SAMN08988069,PAIRED,Sulfolobus acidocaldarius,453776,183924,2018-12-23 11:52:17,TRANSCRIPTOMIC,Sulfolobus acidocaldarius,0,cDNA,SRA696355,,2285,SRP143365,ILLUMINA,2285,PRJNA453776,0,SRR7070772;SRR7070773;SRR7070774,RNA-Seq,SRS3223607,GEO,Illumina HiSeq 1500,5472806,GSE113716,GSM3112646,30687244,8988069,MW001,,,NutLim,t05,1,t0,,Brock,,(NH4)2SO4(1.3),,10µg/mL uracil,75,3.5,,,30 minutes after exposure to nutrient limitation,True,True,True,True,NutLim:t05,True,True
SRX4001515,2285,SAMN08988068,PAIRED,Sulfolobus acidocaldarius,453776,183924,2018-12-23 11:52:17,TRANSCRIPTOMIC,Sulfolobus acidocaldarius,0,cDNA,SRA696355,,2285,SRP143365,ILLUMINA,2285,PRJNA453776,0,SRR7070775,RNA-Seq,SRS3223608,GEO,Illumina MiSeq,5472807,GSE113716,GSM3112647,30687244,8988068,MW001,,,NutLim,t05,2,t0,,Brock,,(NH4)2SO4(1.3),,10µg/mL uracil,75,3.5,,,30 minutes after exposure to nutrient limitation,True,True,True,True,NutLim:t05,True,True
SRX4001516,2285,SAMN08988067,PAIRED,Sulfolobus acidocaldarius,453776,183924,2018-12-23 11:52:17,TRANSCRIPTOMIC,Sulfolobus acidocaldarius,0,cDNA,SRA696355,,2285,SRP143365,ILLUMINA,2285,PRJNA453776,0,SRR7070776;SRR7070777,RNA-Seq,SRS3223622,GEO,Illumina HiSeq 1500,5472808,GSE113716,GSM3112648,30687244,8988067,MW001,,,NutLim,t05,3,t0,,Brock,,(NH4)2SO4(1.3),,10µg/mL uracil,75,3.5,,,30 minutes after exposure to nutrient limitation,True,True,True,True,NutLim:t05,True,True
SRX4001517,2285,SAMN08988066,PAIRED,Sulfolobus acidocaldarius,453776,183924,2018-12-23 11:52:17,TRANSCRIPTOMIC,Sulfolobus acidocaldarius,0,cDNA,SRA696355,,2285,SRP143365,ILLUMINA,2285,PRJNA453776,0,SRR7070778;SRR7070779;SRR7070780,RNA-Seq,SRS3223610,GEO,Illumina HiSeq 1500,5472809,GSE113716,GSM3112649,30687244,8988066,MW001,,,NutLim,t1,1,t0,,Brock,,(NH4)2SO4(1.3),,10µg/mL uracil,75,3.5,,,60 minutes after exposure to nutrient limitation,True,True,True,True,NutLim:t1,True,True
SRX4001518,2285,SAMN08988065,PAIRED,Sulfolobus acidocaldarius,453776,183924,2018-12-23 11:52:17,TRANSCRIPTOMIC,Sulfolobus acidocaldarius,0,cDNA,SRA696355,,2285,SRP143365,ILLUMINA,2285,PRJNA453776,0,SRR7070781,RNA-Seq,SRS3223606,GEO,Illumina MiSeq,5472810,GSE113716,GSM3112650,30687244,8988065,MW001,,,NutLim,t1,2,t0,,Brock,,(NH4)2SO4(1.3),,10µg/mL uracil,75,3.5,,,60 minutes after exposure to nutrient limitation,True,True,True,True,NutLim:t1,True,True
SRX4001519,2285,SAMN08988064,PAIRED,Sulfolobus acidocaldarius,453776,183924,2018-12-23 11:52:17,TRANSCRIPTOMIC,Sulfolobus acidocaldarius,0,cDNA,SRA696355,,2285,SRP143365,ILLUMINA,2285,PRJNA453776,0,SRR7070782;SRR7070783,RNA-Seq,SRS3223609,GEO,Illumina HiSeq 1500,5472811,GSE113716,GSM3112651,30687244,8988064,MW001,,,NutLim,t1,3,t0,,Brock,,(NH4)2SO4(1.3),,10µg/mL uracil,75,3.5,,,60 minutes after exposure to nutrient limitation,True,True,True,True,NutLim:t1,True,True
SRX4001520,2285,SAMN08988063,PAIRED,Sulfolobus acidocaldarius,453776,183924,2018-12-23 11:52:17,TRANSCRIPTOMIC,Sulfolobus acidocaldarius,0,cDNA,SRA696355,,2285,SRP143365,ILLUMINA,2285,PRJNA453776,0,SRR7070784;SRR7070785;SRR7070786,RNA-Seq,SRS3223611,GEO,Illumina HiSeq 1500,5472812,GSE113716,GSM3112652,30687244,8988063,MW001,,,NutLim,t15,1,t0,,Brock,,(NH4)2SO4(1.3),,10µg/mL uracil,75,3.5,,,90 minutes after exposure to nutrient limitation,True,True,True,True,NutLim:t15,True,True
SRX4001521,2285,SAMN08988062,PAIRED,Sulfolobus acidocaldarius,453776,183924,2018-12-23 11:52:17,TRANSCRIPTOMIC,Sulfolobus acidocaldarius,0,cDNA,SRA696355,,2285,SRP143365,ILLUMINA,2285,PRJNA453776,0,SRR7070787,RNA-Seq,SRS3223612,GEO,Illumina MiSeq,5472813,GSE113716,GSM3112653,30687244,8988062,MW001,,,NutLim,t15,2,t0,,Brock,,(NH4)2SO4(1.3),,10µg/mL uracil,75,3.5,,,90 minutes after exposure to nutrient limitation,True,True,True,True,NutLim:t15,True,True
SRX4001522,2285,SAMN08988061,PAIRED,Sulfolobus acidocaldarius,453776,183924,2018-12-23 11:52:17,TRANSCRIPTOMIC,Sulfolobus acidocaldarius,0,cDNA,SRA696355,,2285,SRP143365,ILLUMINA,2285,PRJNA453776,0,SRR7070788;SRR7070789,RNA-Seq,SRS3223613,GEO,Illumina HiSeq 1500,5472814,GSE113716,GSM3112654,30687244,8988061,MW001,,,NutLim,t15,3,t0,,Brock,,(NH4)2SO4(1.3),,10µg/mL uracil,75,3.5,,,90 minutes after exposure to nutrient limitation,True,True,True,True,NutLim:t15,True,True
SRX4001523,2285,SAMN08988060,PAIRED,Sulfolobus acidocaldarius,453776,183924,2018-12-23 11:52:17,TRANSCRIPTOMIC,Sulfolobus acidocaldarius,0,cDNA,SRA696355,,2285,SRP143365,ILLUMINA,2285,PRJNA453776,0,SRR7070790;SRR7070791;SRR7070792,RNA-Seq,SRS3223614,GEO,Illumina HiSeq 1500,5472815,GSE113716,GSM3112655,30687244,8988060,MW001,,,NutLim,t2,1,t0,,Brock,,(NH4)2SO4(1.3),,10µg/mL uracil,75,3.5,,,120 minutes after exposure to nutrient limitation,True,True,True,True,NutLim:t2,True,True
SRX4001524,2285,SAMN08988059,PAIRED,Sulfolobus acidocaldarius,453776,183924,2018-12-23 11:52:17,TRANSCRIPTOMIC,Sulfolobus acidocaldarius,0,cDNA,SRA696355,,2285,SRP143365,ILLUMINA,2285,PRJNA453776,0,SRR7070793,RNA-Seq,SRS3223615,GEO,Illumina MiSeq,5472816,GSE113716,GSM3112656,30687244,8988059,MW001,,,NutLim,t2,2,t0,,Brock,,(NH4)2SO4(1.3),,10µg/mL uracil,75,3.5,,,120 minutes after exposure to nutrient limitation,True,True,True,True,NutLim:t2,True,True
SRX4001525,2285,SAMN08988058,PAIRED,Sulfolobus acidocaldarius,453776,183924,2018-12-23 11:52:17,TRANSCRIPTOMIC,Sulfolobus acidocaldarius,0,cDNA,SRA696355,,2285,SRP143365,ILLUMINA,2285,PRJNA453776,0,SRR7070794;SRR7070795,RNA-Seq,SRS3223616,GEO,Illumina HiSeq 1500,5472817,GSE113716,GSM3112657,30687244,8988058,MW001,,,NutLim,t2,3,t0,,Brock,,(NH4)2SO4(1.3),,10µg/mL uracil,75,3.5,,,120 minutes after exposure to nutrient limitation,True,True,True,True,NutLim:t2,True,True
SRX4001526,2285,SAMN08988057,PAIRED,Sulfolobus acidocaldarius,453776,183924,2018-12-23 11:52:17,TRANSCRIPTOMIC,Sulfolobus acidocaldarius,0,cDNA,SRA696355,,2285,SRP143365,ILLUMINA,2285,PRJNA453776,0,SRR7070796;SRR7070797;SRR7070798,RNA-Seq,SRS3223617,GEO,Illumina HiSeq 1500,5472818,GSE113716,GSM3112658,30687244,8988057,MW001,,,NutLim,t4,1,t0,,Brock,,(NH4)2SO4(1.3),,10µg/mL uracil,75,3.5,,,240 minutes after exposure to nutrient limitation,True,True,True,True,NutLim:t4,True,True
SRX4001527,2285,SAMN08988056,PAIRED,Sulfolobus acidocaldarius,453776,183924,2018-12-23 11:52:17,TRANSCRIPTOMIC,Sulfolobus acidocaldarius,0,cDNA,SRA696355,,2285,SRP143365,ILLUMINA,2285,PRJNA453776,0,SRR7070799,RNA-Seq,SRS3223619,GEO,Illumina MiSeq,5472819,GSE113716,GSM3112659,30687244,8988056,MW001,,,NutLim,t4,2,t0,,Brock,,(NH4)2SO4(1.3),,10µg/mL uracil,75,3.5,,,240 minutes after exposure to nutrient limitation,True,True,True,True,NutLim:t4,True,True
SRX4001528,2285,SAMN08988073,PAIRED,Sulfolobus acidocaldarius,453776,183924,2018-12-23 11:52:17,TRANSCRIPTOMIC,Sulfolobus acidocaldarius,0,cDNA,SRA696355,,2285,SRP143365,ILLUMINA,2285,PRJNA453776,0,SRR7070800;SRR7070801,RNA-Seq,SRS3223618,GEO,Illumina HiSeq 1500,5472820,GSE113716,GSM3112660,30687244,8988073,MW001,,,NutLim,t4,3,t0,,Brock,,(NH4)2SO4(1.3),,10µg/mL uracil,75,3.5,,,240 minutes after exposure to nutrient limitation,True,True,True,True,NutLim:t4,True,True
SRX5495523,2285,SAMN11090945,PAIRED,Sulfolobus acidocaldarius,526225,183924,2019-09-19 16:33:15,TRANSCRIPTOMIC,Sulfolobus acidocaldarius,0,cDNA,SRA857651,,2285,SRP187965,ILLUMINA,2285,PRJNA526225,0,SRR8699929,RNA-Seq,SRS4465134,GEO,NextSeq 500,7419194,GSE128063,GSM3662081,31539494,11090945,DSM 639,Wild type,,Chrom,sac_log,,sac_MW001,,Brock,,(NH4)2SO4(1.3),,"0.2% sucrose, 0.1% tryptone",78,3.2,Log phase cells,,,True,True,True,True,Chrom:sac_log,True,True
SRX5495524,2285,SAMN11090944,PAIRED,Sulfolobus acidocaldarius,526225,183924,2019-09-19 16:33:15,TRANSCRIPTOMIC,Sulfolobus acidocaldarius,0,cDNA,SRA857651,,2285,SRP187965,ILLUMINA,2285,PRJNA526225,0,SRR8699930,RNA-Seq,SRS4465135,GEO,NextSeq 500,7419195,GSE128063,GSM3662082,31539494,11090944,DSM 639,Wild type,,Chrom,sac_log,,sac_MW001,,Brock,,(NH4)2SO4(1.3),,"0.2% sucrose, 0.1% tryptone",78,3.2,Log phase cells,,,True,True,True,True,Chrom:sac_log,True,True
SRX5495525,2285,SAMN11090943,PAIRED,Sulfolobus acidocaldarius,526225,183924,2019-09-19 16:33:15,TRANSCRIPTOMIC,Sulfolobus acidocaldarius,0,cDNA,SRA857651,,2285,SRP187965,ILLUMINA,2285,PRJNA526225,0,SRR8699931,RNA-Seq,SRS4465136,GEO,NextSeq 500,7419196,GSE128063,GSM3662083,31539494,11090943,DSM 639,Wild type,,Chrom,sac_sta,,sac_MW001,,Brock,,(NH4)2SO4(1.3),,"0.2% sucrose, 0.1% tryptone",78,3.2,Stationary phase cells,,,True,True,True,True,Chrom:sac_sta,True,True
SRX5495526,2285,SAMN11090942,PAIRED,Sulfolobus acidocaldarius,526225,183924,2019-09-19 16:33:15,TRANSCRIPTOMIC,Sulfolobus acidocaldarius,0,cDNA,SRA857651,,2285,SRP187965,ILLUMINA,2285,PRJNA526225,0,SRR8699932,RNA-Seq,SRS4465137,GEO,NextSeq 500,7419197,GSE128063,GSM3662084,31539494,11090942,DSM 639,Wild type,,Chrom,sac_sta,,sac_MW001,,Brock,,(NH4)2SO4(1.3),,"0.2% sucrose, 0.1% tryptone",78,3.2,Stationary phase cells,,,True,True,True,True,Chrom:sac_sta,True,True
SRX5653264,2285,SAMN11357838,SINGLE,Sulfolobus acidocaldarius,531435,183924,2019-09-26 16:21:09,TRANSCRIPTOMIC,Sulfolobus acidocaldarius,0,cDNA,SRA870765,,2285,SRP191407,ILLUMINA,2285,PRJNA531435,0,SRR8866151;SRR8866152;SRR8866153;SRR8866154,RNA-Seq,SRS4598405,GEO,NextSeq 500,7616668,GSE129463,GSM3713297,31552000,11357838,SK-1,MW001 del_suaI ytrA_Sa overexpression,,YtrA,overexpr,1,wt,"Homologous ytrASa overexpression strain (Uracil auxotrophic, del_suaI strain for genetic experiments)",Brock,,(NH4)2SO4(1.3),,"0.2% sucrose, 0.2% NZamine, 10mg/mL uracil",75,3.5,,,,True,True,True,True,YtrA:overexpr,True,True
SRX5653265,2285,SAMN11357837,SINGLE,Sulfolobus acidocaldarius,531435,183924,2019-09-26 16:21:09,TRANSCRIPTOMIC,Sulfolobus acidocaldarius,0,cDNA,SRA870765,,2285,SRP191407,ILLUMINA,2285,PRJNA531435,0,SRR8866155;SRR8866156;SRR8866157;SRR8866158,RNA-Seq,SRS4598406,GEO,NextSeq 500,7616669,GSE129463,GSM3713298,31552000,11357837,SK-1,MW001 del_suaI ytrA_Sa overexpression,,YtrA,overexpr,2,wt,"Homologous ytrASa overexpression strain (Uracil auxotrophic, del_suaI strain for genetic experiments)",Brock,,(NH4)2SO4(1.3),,"0.2% sucrose, 0.2% NZamine, 10mg/mL uracil",75,3.5,,,,True,True,True,True,YtrA:overexpr,True,True
SRX5653266,2285,SAMN11357836,SINGLE,Sulfolobus acidocaldarius,531435,183924,2019-09-26 16:21:09,TRANSCRIPTOMIC,Sulfolobus acidocaldarius,0,cDNA,SRA870765,,2285,SRP191407,ILLUMINA,2285,PRJNA531435,0,SRR8866159;SRR8866160;SRR8866161;SRR8866162,RNA-Seq,SRS4598413,GEO,NextSeq 500,7616670,GSE129463,GSM3713299,31552000,11357836,SK-1,MW001 del_suaI ytrA_Sa overexpression,,YtrA,overexpr,3,wt,"Homologous ytrASa overexpression strain (Uracil auxotrophic, del_suaI strain for genetic experiments)",Brock,,(NH4)2SO4(1.3),,"0.2% sucrose, 0.2% NZamine, 10mg/mL uracil",75,3.5,,,,True,True,True,True,YtrA:overexpr,True,True
SRX5653267,2285,SAMN11357835,SINGLE,Sulfolobus acidocaldarius,531435,183924,2019-09-26 16:21:09,TRANSCRIPTOMIC,Sulfolobus acidocaldarius,0,cDNA,SRA870765,,2285,SRP191407,ILLUMINA,2285,PRJNA531435,0,SRR8866163;SRR8866164;SRR8866165;SRR8866166,RNA-Seq,SRS4598409,GEO,NextSeq 500,7616671,GSE129463,GSM3713300,31552000,11357835,SK-1,MW001 del_suaI,,YtrA,wt,1,wt,"Isogenic wild type of homologous ytrASa overexpression strain (Uracil auxotrophic, del_suaI strain for genetic experiments)",Brock,,(NH4)2SO4(1.3),,"0.2% sucrose, 0.2% NZamine, 10mg/mL uracil",75,3.5,,,,True,True,True,True,YtrA:wt,True,True
SRX5653268,2285,SAMN11357834,SINGLE,Sulfolobus acidocaldarius,531435,183924,2019-09-26 16:21:09,TRANSCRIPTOMIC,Sulfolobus acidocaldarius,0,cDNA,SRA870765,,2285,SRP191407,ILLUMINA,2285,PRJNA531435,0,SRR8866167;SRR8866168;SRR8866170;SRR8866171,RNA-Seq,SRS4598408,GEO,NextSeq 500,7616672,GSE129463,GSM3713301,31552000,11357834,SK-1,MW001 del_suaI,,YtrA,wt,2,wt,"Isogenic wild type of homologous ytrASa overexpression strain (Uracil auxotrophic, del_suaI strain for genetic experiments)",Brock,,(NH4)2SO4(1.3),,"0.2% sucrose, 0.2% NZamine, 10mg/mL uracil",75,3.5,,,,True,True,True,True,YtrA:wt,True,True
SRX5653269,2285,SAMN11357833,SINGLE,Sulfolobus acidocaldarius,531435,183924,2019-09-26 16:21:09,TRANSCRIPTOMIC,Sulfolobus acidocaldarius,0,cDNA,SRA870765,,2285,SRP191407,ILLUMINA,2285,PRJNA531435,0,SRR8866172;SRR8866173;SRR8866174;SRR8866175,RNA-Seq,SRS4598407,GEO,NextSeq 500,7616673,GSE129463,GSM3713302,31552000,11357833,SK-1,MW001 del_suaI,,YtrA,wt,3,wt,"Isogenic wild type of homologous ytrASa overexpression strain (Uracil auxotrophic, del_suaI strain for genetic experiments)",Brock,,(NH4)2SO4(1.3),,"0.2% sucrose, 0.2% NZamine, 10mg/mL uracil",75,3.5,,,,True,True,True,True,YtrA:wt,True,True
SRX6762909,2285,SAMN12644731,PAIRED,Sulfolobus acidocaldarius,526225,183924,2019-09-19 16:33:15,TRANSCRIPTOMIC,Sulfolobus acidocaldarius,0,cDNA,SRA857651,,2285,SRP187965,ILLUMINA,2285,PRJNA526225,0,SRR10026621,RNA-Seq,SRS5311422,GEO,NextSeq 500,8907445,GSE128063,GSM4050868,31539494,12644731,MW001,,,Chrom,sac_MW001,1,sac_MW001,,Brock,,(NH4)2SO4(1.3),,"0.2% sucrose, 0.1% tryptone, 10µg/mL uracil",78,3.2,Log phase cells,,,True,True,True,True,Chrom:sac_MW001,True,True
SRX6762910,2285,SAMN12644730,PAIRED,Sulfolobus acidocaldarius,526225,183924,2019-09-19 16:33:15,TRANSCRIPTOMIC,Sulfolobus acidocaldarius,0,cDNA,SRA857651,,2285,SRP187965,ILLUMINA,2285,PRJNA526225,0,SRR10026622,RNA-Seq,SRS5311423,GEO,NextSeq 500,8907446,GSE128063,GSM4050869,31539494,12644730,MW001,,,Chrom,sac_MW001,2,sac_MW001,,Brock,,(NH4)2SO4(1.3),,"0.2% sucrose, 0.1% tryptone, 10µg/mL uracil",78,3.2,Log phase cells,,,True,True,True,True,Chrom:sac_MW001,True,True
SRX6762911,2285,SAMN12644729,PAIRED,Sulfolobus acidocaldarius,526225,183924,2019-09-19 16:33:15,TRANSCRIPTOMIC,Sulfolobus acidocaldarius,0,cDNA,SRA857651,,2285,SRP187965,ILLUMINA,2285,PRJNA526225,0,SRR10026623,RNA-Seq,SRS5311424,GEO,NextSeq 500,8907447,GSE128063,GSM4050870,31539494,12644729,MW001 del_fadR,del fadR,,Chrom,sac_fadR,1,sac_MW001,,Brock,,(NH4)2SO4(1.3),,"0.2% sucrose, 0.1% tryptone, 10µg/mL uracil",78,3.2,Log phase cells,,,True,True,True,True,Chrom:sac_fadR,True,True
SRX6762912,2285,SAMN12644761,PAIRED,Sulfolobus acidocaldarius,526225,183924,2019-09-19 16:33:15,TRANSCRIPTOMIC,Sulfolobus acidocaldarius,0,cDNA,SRA857651,,2285,SRP187965,ILLUMINA,2285,PRJNA526225,0,SRR10026624,RNA-Seq,SRS5311425,GEO,NextSeq 500,8907448,GSE128063,GSM4050871,31539494,12644761,MW001 del_fadR,del fadR,,Chrom,sac_fadR,2,sac_MW001,,Brock,,(NH4)2SO4(1.3),,"0.2% sucrose, 0.1% tryptone, 10µg/mL uracil",78,3.2,Log phase cells,,,True,True,True,True,Chrom:sac_fadR,True,True
